	url	parent
Frukt	/no/categories/20-frukt-og-gront/21-frukt/	Frukt og grønt
Bær	/no/categories/20-frukt-og-gront/423-baer/	Frukt og grønt
Ferdig kuttede salater	/no/categories/20-frukt-og-gront/422-ferdig-kuttede-salater/	Frukt og grønt
Salater og kål	/no/categories/20-frukt-og-gront/391-salater-og-kal/	Frukt og grønt
Ferdigkuttet frukt og grønt	/no/categories/20-frukt-og-gront/325-ferdigkuttet-frukt-og-gront/	Frukt og grønt
Grønnsaker	/no/categories/20-frukt-og-gront/22-gronnsaker/	Frukt og grønt
Økologisk frukt og grønt	/no/categories/20-frukt-og-gront/443-okologisk-frukt-og-gront/	Frukt og grønt
Poteter	/no/categories/20-frukt-og-gront/347-poteter/	Frukt og grønt
Urter og spirer	/no/categories/20-frukt-og-gront/23-urter-og-spirer/	Frukt og grønt
Frø nøtter og tørket frukt	/no/categories/20-frukt-og-gront/24-fro-notter-og-torket-frukt/	Frukt og grønt
Hermetisert frukt og grønt	/no/categories/20-frukt-og-gront/9-hermetisert-frukt-og-gront/	Frukt og grønt
Frossen frukt og grønt	/no/categories/20-frukt-og-gront/57-frossen-frukt-og-gront/	Frukt og grønt
Kjøttdisken	/no/categories/488-mathall/489-kjottdisken/	Mathall
Fiskedisken	/no/categories/488-mathall/498-fiskedisken/	Mathall
Brød og bakevarer	/no/categories/488-mathall/492-brod-og-bakevarer/	Mathall
Ostedisken	/no/categories/488-mathall/499-ostedisken/	Mathall
Meieri og egg	/no/categories/488-mathall/490-meieri-og-egg/	Mathall
Drikke	/no/categories/488-mathall/491-drikke/	Mathall
Pålegg og spekemat	/no/categories/488-mathall/495-palegg-og-spekemat/	Mathall
Middagstilbehør pasta pizza og saus	/no/categories/488-mathall/493-middagstilbehor-pasta-pizza-og-saus/	Mathall
Mel og gryn	/no/categories/488-mathall/494-mel-og-gryn/	Mathall
Iskrem søtsaker og snacks	/no/categories/488-mathall/497-iskrem-sotsaker-og-snacks/	Mathall
Barneutstyr	/no/categories/462-clas-ohlson/463-barneutstyr/	Clas Ohlson
Batteri	/no/categories/462-clas-ohlson/464-batteri/	Clas Ohlson
Frø og planterNy	/no/categories/462-clas-ohlson/605-fro-og-planter/	Clas Ohlson
Picnic campingNy	/no/categories/462-clas-ohlson/606-picnic-camping/	Clas Ohlson
Dyr Fritid	/no/categories/462-clas-ohlson/465-dyr-fritid/	Clas Ohlson
Forbruksvarer	/no/categories/462-clas-ohlson/467-forbruksvarer/	Clas Ohlson
Hus Hjem	/no/categories/462-clas-ohlson/466-hus-hjem/	Clas Ohlson
Kjøkken	/no/categories/462-clas-ohlson/468-kjokken/	Clas Ohlson
Kjøkkenmaskiner	/no/categories/462-clas-ohlson/469-kjokkenmaskiner/	Clas Ohlson
Kontorartikler	/no/categories/462-clas-ohlson/470-kontorartikler/	Clas Ohlson
Leker og spill	/no/categories/462-clas-ohlson/476-leker-og-spill/	Clas Ohlson
Lyspærer og belysning	/no/categories/462-clas-ohlson/477-lyspaerer-og-belysning/	Clas Ohlson
Elektronikk	/no/categories/462-clas-ohlson/471-elektronikk/	Clas Ohlson
Personlig pleie	/no/categories/462-clas-ohlson/472-personlig-pleie/	Clas Ohlson
Rengjøring	/no/categories/462-clas-ohlson/473-rengjoring/	Clas Ohlson
Verktøy	/no/categories/462-clas-ohlson/474-verktoy/	Clas Ohlson
Sommerleker	/no/categories/564-sprell/607-sommerleker/	Sprell Ny
Leker	/no/categories/564-sprell/566-leker/	Sprell Ny
Spill	/no/categories/564-sprell/568-spill/	Sprell Ny
Lego	/no/categories/564-sprell/567-lego/	Sprell Ny
Hobby	/no/categories/564-sprell/569-hobby/	Sprell Ny
Babyleker og utstyr	/no/categories/564-sprell/570-babyleker-og-utstyr/	Sprell Ny
Roser	/no/categories/401-blomster-og-planter/336-roser/	Blomster og planter
Snittblomster	/no/categories/401-blomster-og-planter/402-snittblomster/	Blomster og planter
Grønne planter	/no/categories/401-blomster-og-planter/403-gronne-planter/	Blomster og planter
Godt for inneklimaNy	/no/categories/401-blomster-og-planter/428-godt-inneklima/	Blomster og planter
Potter og Vaser	/no/categories/401-blomster-og-planter/404-potter-og-vaser/	Blomster og planter
Ferske brød	/no/categories/1-brod-og-frokostblandinger/2-ferske-brod/	Brød og frokostblandinger
Fersk småbakst	/no/categories/1-brod-og-frokostblandinger/456-fersk-smabakst/	Brød og frokostblandinger
Langtidsholdbare brød	/no/categories/1-brod-og-frokostblandinger/393-langtidsholdbare-brod/	Brød og frokostblandinger
Frosne brød og rundstykker	/no/categories/1-brod-og-frokostblandinger/99-frosne-brod-og-rundstykker/	Brød og frokostblandinger
Knekkebrød	/no/categories/1-brod-og-frokostblandinger/4-knekkebrod/	Brød og frokostblandinger
Pølse og hamburgerbrød lomper	/no/categories/1-brod-og-frokostblandinger/6-polse-og-hamburgerbrod-lomper/	Brød og frokostblandinger
Frokostblandinger og gryn	/no/categories/1-brod-og-frokostblandinger/13-frokostblandinger/	Brød og frokostblandinger
Deiger og bunner	/no/categories/1-brod-og-frokostblandinger/116-deiger-og-bunner/	Brød og frokostblandinger
Påsmurt	/no/categories/1-brod-og-frokostblandinger/256-pasmurt/	Brød og frokostblandinger
Melk	/no/categories/48-melk-meieriprodukter-og-egg/49-melk/	Melk meieriprodukter og egg
Plantebasert drikke	/no/categories/48-melk-meieriprodukter-og-egg/487-plantebasert-drikke/	Melk meieriprodukter og egg
Smør og margarin	/no/categories/48-melk-meieriprodukter-og-egg/53-smor-og-margarin/	Melk meieriprodukter og egg
Egg	/no/categories/48-melk-meieriprodukter-og-egg/50-egg/	Melk meieriprodukter og egg
Fløte og rømmeprodukter	/no/categories/48-melk-meieriprodukter-og-egg/54-flote-og-rommeprodukter/	Melk meieriprodukter og egg
Yoghurt	/no/categories/48-melk-meieriprodukter-og-egg/51-yoghurt/	Melk meieriprodukter og egg
Storfe	/no/categories/26-kjott-og-kylling/388-storfe/	Kjøtt og kylling
Svin	/no/categories/26-kjott-og-kylling/389-svin/	Kjøtt og kylling
Kylling kalkun og and	/no/categories/26-kjott-og-kylling/28-kylling-kalkun-and/	Kjøtt og kylling
Lam og vilt	/no/categories/26-kjott-og-kylling/390-lam-og-vilt/	Kjøtt og kylling
Bacon og tilbehør	/no/categories/26-kjott-og-kylling/204-bacon-og-tilbehor/	Kjøtt og kylling
Kjøttdeig og karbonadedeig	/no/categories/26-kjott-og-kylling/304-kjottdeig-og-karbonadedeig/	Kjøtt og kylling
Hamburgere	/no/categories/26-kjott-og-kylling/307-hamburgere/	Kjøtt og kylling
Kjøttboller og karbonader	/no/categories/26-kjott-og-kylling/310-kjottboller-og-karbonader/	Kjøtt og kylling
Pølser	/no/categories/26-kjott-og-kylling/29-polser/	Kjøtt og kylling
Fersk fisk	/no/categories/283-fisk-og-sjomat/286-fersk-fisk/	Fisk og sjømat
Skalldyr	/no/categories/283-fisk-og-sjomat/289-skalldyr/	Fisk og sjømat
Røkt og gravet fisk	/no/categories/283-fisk-og-sjomat/301-rokt-fisk/	Fisk og sjømat
Fiskekaker	/no/categories/283-fisk-og-sjomat/292-fiskekaker/	Fisk og sjømat
Hermetisert sjømat	/no/categories/283-fisk-og-sjomat/295-hermetisert-sjomat/	Fisk og sjømat
Frossen fisk og sjømat	/no/categories/283-fisk-og-sjomat/298-frossen-fisk-og-sjomat/	Fisk og sjømat
Gulost	/no/categories/142-oster/43-gulost/	Oster
Revet ost	/no/categories/142-oster/421-revet-ost/	Oster
Brunost	/no/categories/142-oster/151-brunost/	Oster
Smøreost og prim	/no/categories/142-oster/145-smoreost-og-prim/	Oster
Spesialoster	/no/categories/142-oster/148-spesialoster/	Oster
Smoothies og yoghurt	/no/categories/241-serveringsklare-retter/244-smoothies-og-yoghurt/	Serveringsklare retter
Ferdig påsmurt	/no/categories/241-serveringsklare-retter/247-ferdig-pasmurt/	Serveringsklare retter
Kjøtt og kyllingpålegg	/no/categories/42-palegg/45-kjott-og-kyllingpalegg/	Pålegg
Spekemat og salami	/no/categories/42-palegg/235-spekemat-og-salami/	Pålegg
Leverpostei	/no/categories/42-palegg/122-leverpostei/	Pålegg
Salatpålegg	/no/categories/42-palegg/47-salatpalegg/	Pålegg
Fiskepålegg	/no/categories/42-palegg/97-fiskepalegg/	Pålegg
Syltetøy	/no/categories/42-palegg/46-syltetoy/	Pålegg
Honning og søtpålegg	/no/categories/42-palegg/392-honning-og-sotpalegg/	Pålegg
Majones og tubepålegg	/no/categories/42-palegg/44-majones-og-tubepalegg/	Pålegg
Kjøtt og kylling på grillen	/no/categories/411-grill/412-kjott-og-kylling-pa-grillen/	Grill Ny
Hamburger på grillen	/no/categories/411-grill/413-hamburger-pa-grillen/	Grill Ny
Pølser på grillen	/no/categories/411-grill/414-polser-pa-grillen/	Grill Ny
Hamburgerbrød og pølsebrød	/no/categories/411-grill/415-hamburgerbrod-og-polsebrod/	Grill Ny
Marinader og rubs	/no/categories/411-grill/416-marinader-og-rubs/	Grill Ny
Ketchup dressing og tilbehør	/no/categories/411-grill/417-ketchup-dressing-og-tilbehor/	Grill Ny
Grønnsaker på grillen	/no/categories/411-grill/418-gronnsaker-pa-grillen/	Grill Ny
Vegetar på grillen	/no/categories/411-grill/419-vegetar-pa-grillen/	Grill Ny
Sommerøl	/no/categories/411-grill/442-sommerol/	Grill Ny
Grillutstyr	/no/categories/411-grill/420-grillutstyr/	Grill Ny
Ferdige middagsretterNy	/no/categories/32-middager-og-tilbehor/33-ferdige-middagsretter/	Middager og tilbehør
Supper	/no/categories/32-middager-og-tilbehor/119-supper/	Middager og tilbehør
Posesauser	/no/categories/32-middager-og-tilbehor/125-posesauser/	Middager og tilbehør
Ferdigsauser	/no/categories/32-middager-og-tilbehor/8-ferdigsauser/	Middager og tilbehør
Middags kit og gryteretter	/no/categories/32-middager-og-tilbehor/92-middags-kit-og-gryteretter/	Middager og tilbehør
Ris og gryn	/no/categories/32-middager-og-tilbehor/11-ris-og-pasta/	Middager og tilbehør
Pasta og nudler	/no/categories/32-middager-og-tilbehor/313-pasta-og-nudler/	Middager og tilbehør
Middagstilbehør	/no/categories/32-middager-og-tilbehor/96-middagstilbehor/	Middager og tilbehør
Fryst pizza	/no/categories/424-pizza-og-taco/184-fryst-pizza/	Pizza og taco
Hjemmelaget pizza	/no/categories/424-pizza-og-taco/426-hjemmelaget-pizza/	Pizza og taco
Taco	/no/categories/424-pizza-og-taco/113-taco/	Pizza og taco
Snacking	/no/categories/424-pizza-og-taco/427-snacking/	Pizza og taco
Indisk	/no/categories/448-asiatisk/449-indisk/	Asiatisk
Wok	/no/categories/448-asiatisk/450-wok/	Asiatisk
Wokgrønnsaker	/no/categories/448-asiatisk/452-wokgronnsaker/	Asiatisk
Sushi	/no/categories/448-asiatisk/451-sushi/	Asiatisk
Naan og papadums	/no/categories/448-asiatisk/486-naan-og-papadums/	Asiatisk
Soyasaus og chilisaus	/no/categories/448-asiatisk/453-soyasaus-og-chilisaus/	Asiatisk
Ris og nudler	/no/categories/448-asiatisk/455-ris-og-nudler/	Asiatisk
Kokosmelk	/no/categories/448-asiatisk/454-kokosmelk/	Asiatisk
Vann og mineralvann	/no/categories/60-drikkevarer/63-mineralvann/	Drikkevarer
Brus	/no/categories/60-drikkevarer/61-brus/	Drikkevarer
Juice	/no/categories/60-drikkevarer/65-juice/	Drikkevarer
Smoothie	/no/categories/60-drikkevarer/359-smoothie/	Drikkevarer
Saft	/no/categories/60-drikkevarer/66-saft/	Drikkevarer
Iste	/no/categories/60-drikkevarer/405-iste/	Drikkevarer
Iskaffe	/no/categories/60-drikkevarer/458-iskaffe/	Drikkevarer
Energidrikk	/no/categories/60-drikkevarer/345-energidrikk/	Drikkevarer
Kaffe	/no/categories/457-varme-drikker/12-kaffe/	Varme drikker
Kaffekapsler	/no/categories/457-varme-drikker/459-kaffekapsler/	Varme drikker
Sort te	/no/categories/457-varme-drikker/187-sort-te/	Varme drikker
Grønn te	/no/categories/457-varme-drikker/460-gronn-te/	Varme drikker
Urte te og frukt te	/no/categories/457-varme-drikker/461-urte-te-og-frukt-te/	Varme drikker
Kakao og sjokoladepulver	/no/categories/457-varme-drikker/406-kakao-og-sjokoladepulver/	Varme drikker
Oljer og eddik	/no/categories/37-olje-og-krydder/38-oljer-og-eddik/	Olje og krydder
Dressing	/no/categories/37-olje-og-krydder/447-dressing/	Olje og krydder
Krydder	/no/categories/37-olje-og-krydder/39-krydder/	Olje og krydder
Ketchup og sennep	/no/categories/37-olje-og-krydder/40-ketchup-og-sennep/	Olje og krydder
Buljong og fond	/no/categories/37-olje-og-krydder/98-buljong-og-fond/	Olje og krydder
Mel og sukker	/no/categories/15-mel-og-bakeingredienser/16-mel-og-sukker/	Mel og bakeingredienser
Ferdigmikser	/no/categories/15-mel-og-bakeingredienser/19-ferdigmikser/	Mel og bakeingredienser
Baketilbehør	/no/categories/15-mel-og-bakeingredienser/18-baketilbehor/	Mel og bakeingredienser
Is i boks	/no/categories/408-og-desserter/56-i-boks/	Is og desserter
Porsjonsis	/no/categories/408-og-desserter/409-porsjonsis/	Is og desserter
Dessert	/no/categories/408-og-desserter/10-dessert/	Is og desserter
Kjeks	/no/categories/348-kaker-kjeks-og-desserter/110-kjeks/	Kaker kjeks og desserter
Småkaker	/no/categories/348-kaker-kjeks-og-desserter/349-smakaker/	Kaker kjeks og desserter
Boller og lefser	/no/categories/348-kaker-kjeks-og-desserter/350-boller-og-lefser/	Kaker kjeks og desserter
Potetchips og snacks	/no/categories/67-snacks-og-godteri/68-potetchips-og-snacks/	Snacks og godteri
Sjokolade	/no/categories/67-snacks-og-godteri/69-sjokolade/	Snacks og godteri
Godteri	/no/categories/67-snacks-og-godteri/70-godteri/	Snacks og godteri
Nøtter	/no/categories/67-snacks-og-godteri/71-notter/	Snacks og godteri
Tyggis og pastiller	/no/categories/67-snacks-og-godteri/100-tyggis-og-pastiller/	Snacks og godteri
Bleier	/no/categories/73-barneprodukter/74-bleier/	Barneprodukter
Grøt	/no/categories/73-barneprodukter/75-grot/	Barneprodukter
Middagsglass	/no/categories/73-barneprodukter/160-middagsglass/	Barneprodukter
Smoothie yoghurt og mellommåltid	/no/categories/73-barneprodukter/157-smoothie-yoghurt-mellommaltid/	Barneprodukter
Morsmelkerstatning	/no/categories/73-barneprodukter/137-morsmelkerstatning/	Barneprodukter
Våtservietter og såpe	/no/categories/73-barneprodukter/77-vatservietter-og-sape/	Barneprodukter
Smokker og tåteflasker	/no/categories/73-barneprodukter/78-smokker-og-tateflasker/	Barneprodukter
Helseprodukter for barnNy	/no/categories/73-barneprodukter/562-helseprodukter-barn/	Barneprodukter
Bursdag	/no/categories/73-barneprodukter/277-bursdag/	Barneprodukter
Nyttig til barn	/no/categories/73-barneprodukter/475-nyttig-til-barn/	Barneprodukter
Leker og aktiviteter for barn	/no/categories/73-barneprodukter/335-leker-og-aktiviteter-barn/	Barneprodukter
Håndsåpe	/no/categories/79-shampo-sape-og-hudpleie/80-handsape/	Shampo såpe og hudpleie
Dusjsåpe	/no/categories/79-shampo-sape-og-hudpleie/485-dusjsape/	Shampo såpe og hudpleie
Shampo og hårprodukter	/no/categories/79-shampo-sape-og-hudpleie/107-shampo-og-harprodukter/	Shampo såpe og hudpleie
HårfargeNy	/no/categories/79-shampo-sape-og-hudpleie/433-harfarge/	Shampo såpe og hudpleie
Ansiktspleie	/no/categories/79-shampo-sape-og-hudpleie/154-ansiktspleie/	Shampo såpe og hudpleie
Hudpleie	/no/categories/79-shampo-sape-og-hudpleie/434-hudpleie/	Shampo såpe og hudpleie
Leppepomade	/no/categories/79-shampo-sape-og-hudpleie/430-leppepomade/	Shampo såpe og hudpleie
Barnesåpe og babyolje	/no/categories/79-shampo-sape-og-hudpleie/381-sape-og-krem-barn/	Shampo såpe og hudpleie
Solkrem og selvbruning	/no/categories/79-shampo-sape-og-hudpleie/380-solkrem-og-selvbruning/	Shampo såpe og hudpleie
Mascara	/no/categories/435-sminke-og-skjonnhet/436-mascara/	Sminke og skjønnhet
Øyenskygge liners og bryn	/no/categories/435-sminke-og-skjonnhet/437-oyenskygge-liners-og-bryn/	Sminke og skjønnhet
Leppestift liner og gloss	/no/categories/435-sminke-og-skjonnhet/438-leppestift-liner-og-gloss/	Sminke og skjønnhet
Foundation og pudder	/no/categories/435-sminke-og-skjonnhet/439-foundation-og-pudder/	Sminke og skjønnhet
Rens og bomull	/no/categories/435-sminke-og-skjonnhet/481-rens-og-bomull/	Sminke og skjønnhet
Tannpleie	/no/categories/373-hygieneartikler/374-tannpleie/	Hygieneartikler
Deodorant	/no/categories/373-hygieneartikler/375-deodorant/	Hygieneartikler
Bind og tamponger	/no/categories/373-hygieneartikler/376-bind-og-tamponger/	Hygieneartikler
Bomull og ansiktsrens	/no/categories/373-hygieneartikler/377-bomull-og-vatservietter/	Hygieneartikler
Barbering	/no/categories/373-hygieneartikler/378-barbering/	Hygieneartikler
Prevensjon	/no/categories/373-hygieneartikler/379-prevensjon/	Hygieneartikler
Legemidler	/no/categories/365-legemidler-og-helsekost/366-legemidler/	Legemidler og helsekost
Plaster	/no/categories/365-legemidler-og-helsekost/367-plaster/	Legemidler og helsekost
Helsekost	/no/categories/365-legemidler-og-helsekost/369-helsekost/	Legemidler og helsekost
Proteinbar og müslibar	/no/categories/365-legemidler-og-helsekost/370-proteinbar-og-muslibar/	Legemidler og helsekost
Nikotinprodukter	/no/categories/365-legemidler-og-helsekost/372-nikotinprodukter/	Legemidler og helsekost
Proteinpulver og styrke	/no/categories/394-trening/395-proteinpulver-og-styrke/	Trening
Sportsdrikke	/no/categories/394-trening/396-sportsdrikke/	Trening
Måltidserstatter og mellommåltid	/no/categories/394-trening/397-maltidserstatter-og-mellommaltid/	Trening
Proteinsnacks og vitamingodis	/no/categories/394-trening/398-proteinsnacks-og-vitamingodis/	Trening
Kosttilskudd	/no/categories/394-trening/399-kosttilskudd/	Trening
Vektkontroll	/no/categories/394-trening/400-vektkontroll/	Trening
Toalettpapir og tørkerull	/no/categories/163-torkepapir-og-vaskemidler/93-toalettpapir-og-torkerull/	Tørkepapir og vaskemidler
Klesvask	/no/categories/163-torkepapir-og-vaskemidler/86-klesvask/	Tørkepapir og vaskemidler
Oppvask	/no/categories/163-torkepapir-og-vaskemidler/166-oppvask/	Tørkepapir og vaskemidler
Vaskemidler	/no/categories/163-torkepapir-og-vaskemidler/87-vaskemidler/	Tørkepapir og vaskemidler
Kluter svamper og hansker	/no/categories/163-torkepapir-og-vaskemidler/169-kluter-svamper-og-hansker/	Tørkepapir og vaskemidler
Magasiner	/no/categories/331-magasiner-og-boker/334-magasiner/	Magasiner og bøker
Strømpebukser	/no/categories/444-undertoy-og-stromper/445-strompebukser/	Undertøy og strømper
Sokker	/no/categories/444-undertoy-og-stromper/446-sokker/	Undertøy og strømper
Undertøy	/no/categories/444-undertoy-og-stromper/139-undertoy/	Undertøy og strømper
Poser og folie	/no/categories/85-hus-og-hjem/88-poser-og-folie/	Hus og hjem
Levende lys	/no/categories/85-hus-og-hjem/441-levende-lys/	Hus og hjem
Lyspærer	/no/categories/85-hus-og-hjem/172-lyspaerer/	Hus og hjem
Engangs og Servietter	/no/categories/85-hus-og-hjem/175-engangs-og-servietter/	Hus og hjem
Batterier	/no/categories/85-hus-og-hjem/385-batterier/	Hus og hjem
Kjøkkenredskap	/no/categories/85-hus-og-hjem/178-kjokkenredskap/	Hus og hjem
Kontor	/no/categories/85-hus-og-hjem/181-kontor/	Hus og hjem
Diverse husholdning	/no/categories/85-hus-og-hjem/90-diverse-husholdning/	Hus og hjem
Hundemat	/no/categories/128-dyremat/131-hundemat/	Dyremat
Hundemat faghandel	/no/categories/128-dyremat/431-hundemat-faghandel/	Dyremat
Kattemat	/no/categories/128-dyremat/134-kattemat/	Dyremat
Kattemat faghandel	/no/categories/128-dyremat/432-kattemat-faghandel/	Dyremat
Fuglemat	/no/categories/128-dyremat/328-fuglemat/	Dyremat
Gnagermat	/no/categories/128-dyremat/386-gnagermat/	Dyremat
